_id,name,alternativeText,caption,hash,ext,mime,size,width,height,url,provider_metadata.public_id,provider_metadata.resource_type,formats.thumbnail.name,formats.thumbnail.hash,formats.thumbnail.ext,formats.thumbnail.mime,formats.thumbnail.width,formats.thumbnail.height,formats.thumbnail.size,formats.thumbnail.path,formats.thumbnail.url,formats.thumbnail.provider_metadata.public_id,formats.thumbnail.provider_metadata.resource_type,provider,related,createdAt,updatedAt,__v,created_by,updated_by
5f764a2a2adb35056c78750a,lammella_256.jpg,false,false,lammella_256_dffebf2373,.jpg,image/jpeg,8.49,256,207,https://res.cloudinary.com/transdeco/image/upload/v1601587752/lammella_256_dffebf2373.jpg,lammella_256_dffebf2373,image,thumbnail_lammella_256.jpg,thumbnail_lammella_256_dffebf2373,.jpg,image/jpeg,193,156,5.15,null,https://res.cloudinary.com/transdeco/image/upload/v1601587753/thumbnail_lammella_256_dffebf2373.jpg,thumbnail_lammella_256_dffebf2373,image,cloudinary,[],2020-10-01T21:29:14.538Z,2021-02-17T19:25:03.802Z,0,5f5e939f267b3176509901b3,5f5e939f267b3176509901b3
5f764a2a2adb35056c78750b,aamuun_256.jpg,false,false,aamuun_256_1ebb45f6e8,.jpg,image/jpeg,14.54,256,187,https://res.cloudinary.com/transdeco/image/upload/v1601587753/aamuun_256_1ebb45f6e8.jpg,aamuun_256_1ebb45f6e8,image,thumbnail_aamuun_256.jpg,thumbnail_aamuun_256_1ebb45f6e8,.jpg,image/jpeg,214,156,10.46,null,https://res.cloudinary.com/transdeco/image/upload/v1601587753/thumbnail_aamuun_256_1ebb45f6e8.jpg,thumbnail_aamuun_256_1ebb45f6e8,image,cloudinary,[],2020-10-01T21:29:14.544Z,2021-02-17T19:25:03.802Z,0,5f5e939f267b3176509901b3,5f5e939f267b3176509901b3
5f764a2a2adb35056c78750c,lotus_256.jpg,false,false,lotus_256_464c109770,.jpg,image/jpeg,12.8,183,256,https://res.cloudinary.com/transdeco/image/upload/v1601587753/lotus_256_464c109770.jpg,lotus_256_464c109770,image,thumbnail_lotus_256.jpg,thumbnail_lotus_256_464c109770,.jpg,image/jpeg,112,156,5.55,null,https://res.cloudinary.com/transdeco/image/upload/v1601587754/thumbnail_lotus_256_464c109770.jpg,thumbnail_lotus_256_464c109770,image,cloudinary,[],2020-10-01T21:29:14.993Z,2021-02-17T19:25:03.802Z,0,5f5e939f267b3176509901b3,5f5e939f267b3176509901b3
5f764a2b2adb35056c78750d,liekki_256.jpg,false,false,liekki_256_f5cfd8d231,.jpg,image/jpeg,6.35,195,256,https://res.cloudinary.com/transdeco/image/upload/v1601587753/liekki_256_f5cfd8d231.jpg,liekki_256_f5cfd8d231,image,thumbnail_liekki_256.jpg,thumbnail_liekki_256_f5cfd8d231,.jpg,image/jpeg,119,156,2.97,null,https://res.cloudinary.com/transdeco/image/upload/v1601587755/thumbnail_liekki_256_f5cfd8d231.jpg,thumbnail_liekki_256_f5cfd8d231,image,cloudinary,[],2020-10-01T21:29:15.512Z,2021-02-17T19:25:03.802Z,0,5f5e939f267b3176509901b3,5f5e939f267b3176509901b3
5f764a2b2adb35056c78750e,loyto_256.jpg,false,false,loyto_256_84cfb74761,.jpg,image/jpeg,9.65,256,288,https://res.cloudinary.com/transdeco/image/upload/v1601587753/loyto_256_84cfb74761.jpg,loyto_256_84cfb74761,image,thumbnail_loyto_256.jpg,thumbnail_loyto_256_84cfb74761,.jpg,image/jpeg,139,156,3.59,null,https://res.cloudinary.com/transdeco/image/upload/v1601587755/thumbnail_loyto_256_84cfb74761.jpg,thumbnail_loyto_256_84cfb74761,image,cloudinary,[],2020-10-01T21:29:15.634Z,2021-02-17T19:25:03.802Z,0,5f5e939f267b3176509901b3,5f5e939f267b3176509901b3
5f764a2b2adb35056c78750f,isopuku_256.jpg,false,false,isopuku_256_de4de4ed6a,.jpg,image/jpeg,6.5,198,256,https://res.cloudinary.com/transdeco/image/upload/v1601587754/isopuku_256_de4de4ed6a.jpg,isopuku_256_de4de4ed6a,image,thumbnail_isopuku_256.jpg,thumbnail_isopuku_256_de4de4ed6a,.jpg,image/jpeg,121,156,3.16,null,https://res.cloudinary.com/transdeco/image/upload/v1601587755/thumbnail_isopuku_256_de4de4ed6a.jpg,thumbnail_isopuku_256_de4de4ed6a,image,cloudinary,[],2020-10-01T21:29:15.998Z,2021-02-17T19:25:03.802Z,0,5f5e939f267b3176509901b3,5f5e939f267b3176509901b3
5f764a2c2adb35056c787510,moulinrouge2_256.jpg,false,false,moulinrouge2_256_757430c79d,.jpg,image/jpeg,12.8,191,256,https://res.cloudinary.com/transdeco/image/upload/v1601587754/moulinrouge2_256_757430c79d.jpg,moulinrouge2_256_757430c79d,image,thumbnail_moulinrouge2_256.jpg,thumbnail_moulinrouge2_256_757430c79d,.jpg,image/jpeg,116,156,5.97,null,https://res.cloudinary.com/transdeco/image/upload/v1601587755/thumbnail_moulinrouge2_256_757430c79d.jpg,thumbnail_moulinrouge2_256_757430c79d,image,cloudinary,[],2020-10-01T21:29:16.007Z,2021-02-17T19:25:03.802Z,0,5f5e939f267b3176509901b3,5f5e939f267b3176509901b3
5f764a2c2adb35056c787511,allatahtien_256.jpg,false,false,allatahtien_256_0326c5b48d,.jpg,image/jpeg,6.29,190,256,https://res.cloudinary.com/transdeco/image/upload/v1601587754/allatahtien_256_0326c5b48d.jpg,allatahtien_256_0326c5b48d,image,thumbnail_allatahtien_256.jpg,thumbnail_allatahtien_256_0326c5b48d,.jpg,image/jpeg,116,156,3.22,null,https://res.cloudinary.com/transdeco/image/upload/v1601587755/thumbnail_allatahtien_256_0326c5b48d.jpg,thumbnail_allatahtien_256_0326c5b48d,image,cloudinary,[],2020-10-01T21:29:16.016Z,2021-02-17T19:25:03.802Z,0,5f5e939f267b3176509901b3,5f5e939f267b3176509901b3
5f764a2c2adb35056c787512,poem_256.jpg,false,false,poem_256_e79387d4d4,.jpg,image/jpeg,9.76,136,257,https://res.cloudinary.com/transdeco/image/upload/v1601587754/poem_256_e79387d4d4.jpg,poem_256_e79387d4d4,image,thumbnail_poem_256.jpg,thumbnail_poem_256_e79387d4d4,.jpg,image/jpeg,83,156,4.56,null,https://res.cloudinary.com/transdeco/image/upload/v1601587755/thumbnail_poem_256_e79387d4d4.jpg,thumbnail_poem_256_e79387d4d4,image,cloudinary,[],2020-10-01T21:29:16.025Z,2021-02-17T19:25:03.802Z,0,5f5e939f267b3176509901b3,5f5e939f267b3176509901b3
5f764a2c2adb35056c787513,kimppu_256.jpg,false,false,kimppu_256_c432072cde,.jpg,image/jpeg,8.53,185,256,https://res.cloudinary.com/transdeco/image/upload/v1601587754/kimppu_256_c432072cde.jpg,kimppu_256_c432072cde,image,thumbnail_kimppu_256.jpg,thumbnail_kimppu_256_c432072cde,.jpg,image/jpeg,113,156,3.54,null,https://res.cloudinary.com/transdeco/image/upload/v1601587755/thumbnail_kimppu_256_c432072cde.jpg,thumbnail_kimppu_256_c432072cde,image,cloudinary,[],2020-10-01T21:29:16.032Z,2021-02-17T19:25:03.802Z,0,5f5e939f267b3176509901b3,5f5e939f267b3176509901b3
5f764a2c2adb35056c787514,luodolla_256.jpg,false,false,luodolla_256_4459dbfe3e,.jpg,image/jpeg,10.37,256,203,https://res.cloudinary.com/transdeco/image/upload/v1601587754/luodolla_256_4459dbfe3e.jpg,luodolla_256_4459dbfe3e,image,thumbnail_luodolla_256.jpg,thumbnail_luodolla_256_4459dbfe3e,.jpg,image/jpeg,197,156,6.36,null,https://res.cloudinary.com/transdeco/image/upload/v1601587755/thumbnail_luodolla_256_4459dbfe3e.jpg,thumbnail_luodolla_256_4459dbfe3e,image,cloudinary,[],2020-10-01T21:29:16.055Z,2021-02-17T19:25:03.802Z,0,5f5e939f267b3176509901b3,5f5e939f267b3176509901b3
5f764a2c2adb35056c787515,mikael_256.jpg,false,false,mikael_256_d5043d9fbb,.jpg,image/jpeg,14.21,179,256,https://res.cloudinary.com/transdeco/image/upload/v1601587754/mikael_256_d5043d9fbb.jpg,mikael_256_d5043d9fbb,image,thumbnail_mikael_256.jpg,thumbnail_mikael_256_d5043d9fbb,.jpg,image/jpeg,109,156,6.14,null,https://res.cloudinary.com/transdeco/image/upload/v1601587755/thumbnail_mikael_256_d5043d9fbb.jpg,thumbnail_mikael_256_d5043d9fbb,image,cloudinary,[],2020-10-01T21:29:16.109Z,2021-02-17T19:25:03.802Z,0,5f5e939f267b3176509901b3,5f5e939f267b3176509901b3
5f764a2c2adb35056c787516,vanamotytto_256.jpg,false,false,vanamotytto_256_21a8158df0,.jpg,image/jpeg,7.78,225,257,https://res.cloudinary.com/transdeco/image/upload/v1601587754/vanamotytto_256_21a8158df0.jpg,vanamotytto_256_21a8158df0,image,thumbnail_vanamotytto_256.jpg,thumbnail_vanamotytto_256_21a8158df0,.jpg,image/jpeg,137,156,3.42,null,https://res.cloudinary.com/transdeco/image/upload/v1601587755/thumbnail_vanamotytto_256_21a8158df0.jpg,thumbnail_vanamotytto_256_21a8158df0,image,cloudinary,[],2020-10-01T21:29:16.123Z,2021-02-17T19:25:03.802Z,0,5f5e939f267b3176509901b3,5f5e939f267b3176509901b3
5f764a2c2adb35056c787517,balladi_256.jpg,false,false,balladi_256_b89b82f323,.jpg,image/jpeg,6,197,256,https://res.cloudinary.com/transdeco/image/upload/v1601587754/balladi_256_b89b82f323.jpg,balladi_256_b89b82f323,image,thumbnail_balladi_256.jpg,thumbnail_balladi_256_b89b82f323,.jpg,image/jpeg,120,156,2.65,null,https://res.cloudinary.com/transdeco/image/upload/v1601587755/thumbnail_balladi_256_b89b82f323.jpg,thumbnail_balladi_256_b89b82f323,image,cloudinary,[],2020-10-01T21:29:16.227Z,2021-02-17T19:25:03.802Z,0,5f5e939f267b3176509901b3,5f5e939f267b3176509901b3
5f764a2c2adb35056c78751b,nimeton_256.jpg,false,false,nimeton_256_4fabc15fd0,.jpg,image/jpeg,13.68,256,195,https://res.cloudinary.com/transdeco/image/upload/v1601587754/nimeton_256_4fabc15fd0.jpg,nimeton_256_4fabc15fd0,image,thumbnail_nimeton_256.jpg,thumbnail_nimeton_256_4fabc15fd0,.jpg,image/jpeg,205,156,8.61,null,https://res.cloudinary.com/transdeco/image/upload/v1601587756/thumbnail_nimeton_256_4fabc15fd0.jpg,thumbnail_nimeton_256_4fabc15fd0,image,cloudinary,[],2020-10-01T21:29:16.872Z,2021-02-17T19:25:03.802Z,0,5f5e939f267b3176509901b3,5f5e939f267b3176509901b3
5f764a2c2adb35056c78751a,olemisen_256.jpg,false,false,olemisen_256_37c1b16ed9,.jpg,image/jpeg,7.07,256,192,https://res.cloudinary.com/transdeco/image/upload/v1601587754/olemisen_256_37c1b16ed9.jpg,olemisen_256_37c1b16ed9,image,thumbnail_olemisen_256.jpg,thumbnail_olemisen_256_37c1b16ed9,.jpg,image/jpeg,208,156,5.1,null,https://res.cloudinary.com/transdeco/image/upload/v1601587756/thumbnail_olemisen_256_37c1b16ed9.jpg,thumbnail_olemisen_256_37c1b16ed9,image,cloudinary,[],2020-10-01T21:29:16.870Z,2021-02-17T19:25:03.802Z,0,5f5e939f267b3176509901b3,5f5e939f267b3176509901b3
5f764a2c2adb35056c787518,hyvalahestyminen_256.jpg,false,false,lahestyminen_256_e17b6a53a5,.jpg,image/jpeg,8.01,256,198,https://res.cloudinary.com/transdeco/image/upload/v1601587754/lahestyminen_256_e17b6a53a5.jpg,lahestyminen_256_e17b6a53a5,image,thumbnail_lahestyminen_256.jpg,thumbnail_lahestyminen_256_e17b6a53a5,.jpg,image/jpeg,202,156,5.39,null,https://res.cloudinary.com/transdeco/image/upload/v1601587755/thumbnail_lahestyminen_256_e17b6a53a5.jpg,thumbnail_lahestyminen_256_e17b6a53a5,image,cloudinary,[],2020-10-01T21:29:16.867Z,2021-02-17T19:25:03.802Z,0,5f5e939f267b3176509901b3,5f5e939f267b3176509901b3
5f764a2c2adb35056c787519,polkupyorailijan_256.jpg,false,false,polkupyorailijan_256_c00b7bf65f,.jpg,image/jpeg,9.14,219,256,https://res.cloudinary.com/transdeco/image/upload/v1601587755/polkupyorailijan_256_c00b7bf65f.jpg,polkupyorailijan_256_c00b7bf65f,image,thumbnail_polkupyorailijan_256.jpg,thumbnail_polkupyorailijan_256_c00b7bf65f,.jpg,image/jpeg,133,156,4.03,null,https://res.cloudinary.com/transdeco/image/upload/v1601587756/thumbnail_polkupyorailijan_256_c00b7bf65f.jpg,thumbnail_polkupyorailijan_256_c00b7bf65f,image,cloudinary,[],2020-10-01T21:29:16.869Z,2021-02-17T19:25:03.802Z,0,5f5e939f267b3176509901b3,5f5e939f267b3176509901b3
5f764a2c2adb35056c78751c,seireeni_256.jpg,false,false,seireeni_256_569f1b120a,.jpg,image/jpeg,8.14,190,256,https://res.cloudinary.com/transdeco/image/upload/v1601587755/seireeni_256_569f1b120a.jpg,seireeni_256_569f1b120a,image,thumbnail_seireeni_256.jpg,thumbnail_seireeni_256_569f1b120a,.jpg,image/jpeg,116,156,3.82,null,https://res.cloudinary.com/transdeco/image/upload/v1601587756/thumbnail_seireeni_256_569f1b120a.jpg,thumbnail_seireeni_256_569f1b120a,image,cloudinary,[],2020-10-01T21:29:16.873Z,2021-02-17T19:25:03.802Z,0,5f5e939f267b3176509901b3,5f5e939f267b3176509901b3
5f764a2c2adb35056c78751d,aavistuksen_256.jpg,false,false,aavistuksen_256_108fa57e29,.jpg,image/jpeg,6.72,256,210,https://res.cloudinary.com/transdeco/image/upload/v1601587755/aavistuksen_256_108fa57e29.jpg,aavistuksen_256_108fa57e29,image,thumbnail_aavistuksen_256.jpg,thumbnail_aavistuksen_256_108fa57e29,.jpg,image/jpeg,190,156,4.24,null,https://res.cloudinary.com/transdeco/image/upload/v1601587756/thumbnail_aavistuksen_256_108fa57e29.jpg,thumbnail_aavistuksen_256_108fa57e29,image,cloudinary,[],2020-10-01T21:29:16.891Z,2021-02-17T19:25:03.802Z,0,5f5e939f267b3176509901b3,5f5e939f267b3176509901b3
5f764a2c2adb35056c78751f,aprikoosisadon_256.jpg,false,false,vartijat_256_56b0e916a9,.jpg,image/jpeg,14.8,191,256,https://res.cloudinary.com/transdeco/image/upload/v1601587755/vartijat_256_56b0e916a9.jpg,vartijat_256_56b0e916a9,image,thumbnail_vartijat_256.jpg,thumbnail_vartijat_256_56b0e916a9,.jpg,image/jpeg,116,156,5.93,null,https://res.cloudinary.com/transdeco/image/upload/v1601587756/thumbnail_vartijat_256_56b0e916a9.jpg,thumbnail_vartijat_256_56b0e916a9,image,cloudinary,[],2020-10-01T21:29:16.898Z,2021-02-17T19:25:03.802Z,0,5f5e939f267b3176509901b3,5f5e939f267b3176509901b3
5f764a2c2adb35056c78751e,moulinrouge1_256.jpg,false,false,moulinrouge1_256_fedbfbc105,.jpg,image/jpeg,14.01,193,255,https://res.cloudinary.com/transdeco/image/upload/v1601587754/moulinrouge1_256_fedbfbc105.jpg,moulinrouge1_256_fedbfbc105,image,thumbnail_moulinrouge1_256.jpg,thumbnail_moulinrouge1_256_fedbfbc105,.jpg,image/jpeg,118,156,6.3,null,https://res.cloudinary.com/transdeco/image/upload/v1601587756/thumbnail_moulinrouge1_256_fedbfbc105.jpg,thumbnail_moulinrouge1_256_fedbfbc105,image,cloudinary,[],2020-10-01T21:29:16.893Z,2021-02-17T19:25:03.802Z,0,5f5e939f267b3176509901b3,5f5e939f267b3176509901b3
5f764a2c2adb35056c787523,unelmat_256.jpg,false,false,unelmat_256_bd0a6c6d5d,.jpg,image/jpeg,8.86,180,256,https://res.cloudinary.com/transdeco/image/upload/v1601587755/unelmat_256_bd0a6c6d5d.jpg,unelmat_256_bd0a6c6d5d,image,thumbnail_unelmat_256.jpg,thumbnail_unelmat_256_bd0a6c6d5d,.jpg,image/jpeg,110,156,3.65,null,https://res.cloudinary.com/transdeco/image/upload/v1601587756/thumbnail_unelmat_256_bd0a6c6d5d.jpg,thumbnail_unelmat_256_bd0a6c6d5d,image,cloudinary,[],2020-10-01T21:29:16.904Z,2021-02-17T19:25:03.802Z,0,5f5e939f267b3176509901b3,5f5e939f267b3176509901b3
5f764a2c2adb35056c787520,kuraattorin_256.jpg,false,false,kuraattorin_256_03ce3772aa,.jpg,image/jpeg,4.68,256,198,https://res.cloudinary.com/transdeco/image/upload/v1601587755/kuraattorin_256_03ce3772aa.jpg,kuraattorin_256_03ce3772aa,image,thumbnail_kuraattorin_256.jpg,thumbnail_kuraattorin_256_03ce3772aa,.jpg,image/jpeg,202,156,4.44,null,https://res.cloudinary.com/transdeco/image/upload/v1601587756/thumbnail_kuraattorin_256_03ce3772aa.jpg,thumbnail_kuraattorin_256_03ce3772aa,image,cloudinary,[],2020-10-01T21:29:16.899Z,2021-02-17T19:25:03.802Z,0,5f5e939f267b3176509901b3,5f5e939f267b3176509901b3
5f764a2c2adb35056c787527,syysleikki2_256.jpg,false,false,syysleikki2_256_17a5ca29a0,.jpg,image/jpeg,6.13,193,256,https://res.cloudinary.com/transdeco/image/upload/v1601587755/syysleikki2_256_17a5ca29a0.jpg,syysleikki2_256_17a5ca29a0,image,thumbnail_syysleikki2_256.jpg,thumbnail_syysleikki2_256_17a5ca29a0,.jpg,image/jpeg,118,156,3.07,null,https://res.cloudinary.com/transdeco/image/upload/v1601587756/thumbnail_syysleikki2_256_17a5ca29a0.jpg,thumbnail_syysleikki2_256_17a5ca29a0,image,cloudinary,[],2020-10-01T21:29:16.917Z,2021-02-17T19:25:03.802Z,0,5f5e939f267b3176509901b3,5f5e939f267b3176509901b3
5f764a2c2adb35056c787522,syysleikki3_256.jpg,false,false,syysleikki3_256_503313143c,.jpg,image/jpeg,5.45,188,256,https://res.cloudinary.com/transdeco/image/upload/v1601587755/syysleikki3_256_503313143c.jpg,syysleikki3_256_503313143c,image,thumbnail_syysleikki3_256.jpg,thumbnail_syysleikki3_256_503313143c,.jpg,image/jpeg,115,156,2.87,null,https://res.cloudinary.com/transdeco/image/upload/v1601587756/thumbnail_syysleikki3_256_503313143c.jpg,thumbnail_syysleikki3_256_503313143c,image,cloudinary,[],2020-10-01T21:29:16.902Z,2021-02-17T19:25:03.802Z,0,5f5e939f267b3176509901b3,5f5e939f267b3176509901b3
5f764a2c2adb35056c787524,hiljaiseloa_256.jpg,false,false,hiljaiseloa_256_64f5d1906a,.jpg,image/jpeg,11.9,256,226,https://res.cloudinary.com/transdeco/image/upload/v1601587755/hiljaiseloa_256_64f5d1906a.jpg,hiljaiseloa_256_64f5d1906a,image,thumbnail_hiljaiseloa_256.jpg,thumbnail_hiljaiseloa_256_64f5d1906a,.jpg,image/jpeg,177,156,6.3,null,https://res.cloudinary.com/transdeco/image/upload/v1601587756/thumbnail_hiljaiseloa_256_64f5d1906a.jpg,thumbnail_hiljaiseloa_256_64f5d1906a,image,cloudinary,[],2020-10-01T21:29:16.905Z,2021-02-17T19:25:03.802Z,0,5f5e939f267b3176509901b3,5f5e939f267b3176509901b3
5f764a2c2adb35056c787521,alghazali_256.jpg,false,false,alghazali_256_52ca4fce5c,.jpg,image/jpeg,8.13,219,256,https://res.cloudinary.com/transdeco/image/upload/v1601587755/alghazali_256_52ca4fce5c.jpg,alghazali_256_52ca4fce5c,image,thumbnail_alghazali_256.jpg,thumbnail_alghazali_256_52ca4fce5c,.jpg,image/jpeg,133,156,3.72,null,https://res.cloudinary.com/transdeco/image/upload/v1601587756/thumbnail_alghazali_256_52ca4fce5c.jpg,thumbnail_alghazali_256_52ca4fce5c,image,cloudinary,[],2020-10-01T21:29:16.901Z,2021-02-17T19:25:03.802Z,0,5f5e939f267b3176509901b3,5f5e939f267b3176509901b3
5f764a2c2adb35056c787526,uimakivella_256.jpg,false,false,uimakivella_256_330de051f2,.jpg,image/jpeg,7.98,256,183,https://res.cloudinary.com/transdeco/image/upload/v1601587755/uimakivella_256_330de051f2.jpg,uimakivella_256_330de051f2,image,thumbnail_uimakivella_256.jpg,thumbnail_uimakivella_256_330de051f2,.jpg,image/jpeg,218,156,5.74,null,https://res.cloudinary.com/transdeco/image/upload/v1601587756/thumbnail_uimakivella_256_330de051f2.jpg,thumbnail_uimakivella_256_330de051f2,image,cloudinary,[],2020-10-01T21:29:16.915Z,2021-02-17T19:25:03.802Z,0,5f5e939f267b3176509901b3,5f5e939f267b3176509901b3
5f764a2c2adb35056c787528,tauko_256.jpg,false,false,tauko_256_c29b0598de,.jpg,image/jpeg,12.25,256,290,https://res.cloudinary.com/transdeco/image/upload/v1601587755/tauko_256_c29b0598de.jpg,tauko_256_c29b0598de,image,thumbnail_tauko_256.jpg,thumbnail_tauko_256_c29b0598de,.jpg,image/jpeg,138,156,4.26,null,https://res.cloudinary.com/transdeco/image/upload/v1601587756/thumbnail_tauko_256_c29b0598de.jpg,thumbnail_tauko_256_c29b0598de,image,cloudinary,[],2020-10-01T21:29:16.918Z,2021-02-17T19:25:03.802Z,0,5f5e939f267b3176509901b3,5f5e939f267b3176509901b3
5f764a2c2adb35056c787525,runottaret2_256.jpg,false,false,runottaret2_256_ceb5f596a1,.jpg,image/jpeg,9.82,196,256,https://res.cloudinary.com/transdeco/image/upload/v1601587755/runottaret2_256_ceb5f596a1.jpg,runottaret2_256_ceb5f596a1,image,thumbnail_runottaret2_256.jpg,thumbnail_runottaret2_256_ceb5f596a1,.jpg,image/jpeg,119,156,4.22,null,https://res.cloudinary.com/transdeco/image/upload/v1601587756/thumbnail_runottaret2_256_ceb5f596a1.jpg,thumbnail_runottaret2_256_ceb5f596a1,image,cloudinary,[],2020-10-01T21:29:16.913Z,2020-10-17T09:34:32.783Z,0,5f5e939f267b3176509901b3,5f5e939f267b3176509901b3
5f764a2c2adb35056c787529,kristallivuori_256.jpg,false,false,kristalli_256_b0889c272b,.jpg,image/jpeg,8.91,182,256,https://res.cloudinary.com/transdeco/image/upload/v1601587754/kristalli_256_b0889c272b.jpg,kristalli_256_b0889c272b,image,thumbnail_kristalli_256.jpg,thumbnail_kristalli_256_b0889c272b,.jpg,image/jpeg,111,156,3.54,null,https://res.cloudinary.com/transdeco/image/upload/v1601587756/thumbnail_kristalli_256_b0889c272b.jpg,thumbnail_kristalli_256_b0889c272b,image,cloudinary,[],2020-10-01T21:29:16.933Z,2021-02-17T19:25:03.802Z,0,5f5e939f267b3176509901b3,5f5e939f267b3176509901b3
5f764a2c2adb35056c78752b,syysleikki1_256.jpg,false,false,syysleikki1_256_9f8924898d,.jpg,image/jpeg,6.38,188,257,https://res.cloudinary.com/transdeco/image/upload/v1601587755/syysleikki1_256_9f8924898d.jpg,syysleikki1_256_9f8924898d,image,thumbnail_syysleikki1_256.jpg,thumbnail_syysleikki1_256_9f8924898d,.jpg,image/jpeg,114,156,3.12,null,https://res.cloudinary.com/transdeco/image/upload/v1601587756/thumbnail_syysleikki1_256_9f8924898d.jpg,thumbnail_syysleikki1_256_9f8924898d,image,cloudinary,[],2020-10-01T21:29:16.936Z,2021-02-17T19:25:03.802Z,0,5f5e939f267b3176509901b3,5f5e939f267b3176509901b3
5f764a2c2adb35056c78752a,sinulle_256.jpg,false,false,sinulle_256_0cfa4b0f3e,.jpg,image/jpeg,8.53,224,256,https://res.cloudinary.com/transdeco/image/upload/v1601587755/sinulle_256_0cfa4b0f3e.jpg,sinulle_256_0cfa4b0f3e,image,thumbnail_sinulle_256.jpg,thumbnail_sinulle_256_0cfa4b0f3e,.jpg,image/jpeg,137,156,3.67,null,https://res.cloudinary.com/transdeco/image/upload/v1601587756/thumbnail_sinulle_256_0cfa4b0f3e.jpg,thumbnail_sinulle_256_0cfa4b0f3e,image,cloudinary,[],2020-10-01T21:29:16.935Z,2021-02-17T19:25:03.802Z,0,5f5e939f267b3176509901b3,5f5e939f267b3176509901b3
5f764a2c2adb35056c78752d,luominen_256.jpg,false,false,luominen_256_94bcc03271,.jpg,image/jpeg,17.03,256,197,https://res.cloudinary.com/transdeco/image/upload/v1601587754/luominen_256_94bcc03271.jpg,luominen_256_94bcc03271,image,thumbnail_luominen_256.jpg,thumbnail_luominen_256_94bcc03271,.jpg,image/jpeg,203,156,10.73,null,https://res.cloudinary.com/transdeco/image/upload/v1601587756/thumbnail_luominen_256_94bcc03271.jpg,thumbnail_luominen_256_94bcc03271,image,cloudinary,[],2020-10-01T21:29:16.939Z,2021-02-17T19:25:03.802Z,0,5f5e939f267b3176509901b3,5f5e939f267b3176509901b3
5f764a2c2adb35056c78752e,tiger_256.jpg,false,false,tiger_256_c12d2801fe,.jpg,image/jpeg,7.78,183,256,https://res.cloudinary.com/transdeco/image/upload/v1601587755/tiger_256_c12d2801fe.jpg,tiger_256_c12d2801fe,image,thumbnail_tiger_256.jpg,thumbnail_tiger_256_c12d2801fe,.jpg,image/jpeg,112,156,3.48,null,https://res.cloudinary.com/transdeco/image/upload/v1601587756/thumbnail_tiger_256_c12d2801fe.jpg,thumbnail_tiger_256_c12d2801fe,image,cloudinary,[],2020-10-01T21:29:16.941Z,2021-02-17T19:25:03.802Z,0,5f5e939f267b3176509901b3,5f5e939f267b3176509901b3
5f764a2c2adb35056c787532,varhain_256.jpg,false,false,varhain_256_a37fae806d,.jpg,image/jpeg,10.77,192,256,https://res.cloudinary.com/transdeco/image/upload/v1601587755/varhain_256_a37fae806d.jpg,varhain_256_a37fae806d,image,thumbnail_varhain_256.jpg,thumbnail_varhain_256_a37fae806d,.jpg,image/jpeg,117,156,4.4,null,https://res.cloudinary.com/transdeco/image/upload/v1601587756/thumbnail_varhain_256_a37fae806d.jpg,thumbnail_varhain_256_a37fae806d,image,cloudinary,[],2020-10-01T21:29:16.950Z,2021-02-17T19:25:03.802Z,0,5f5e939f267b3176509901b3,5f5e939f267b3176509901b3
5f764a2c2adb35056c787533,topseli_256.jpg,false,false,topseli_256_8e642dec82,.jpg,image/jpeg,13.58,186,256,https://res.cloudinary.com/transdeco/image/upload/v1601587755/topseli_256_8e642dec82.jpg,topseli_256_8e642dec82,image,thumbnail_topseli_256.jpg,thumbnail_topseli_256_8e642dec82,.jpg,image/jpeg,113,156,5.84,null,https://res.cloudinary.com/transdeco/image/upload/v1601587756/thumbnail_topseli_256_8e642dec82.jpg,thumbnail_topseli_256_8e642dec82,image,cloudinary,[],2020-10-01T21:29:16.951Z,2021-02-17T19:25:03.802Z,0,5f5e939f267b3176509901b3,5f5e939f267b3176509901b3
5f764a2c2adb35056c78752c,helene_256.jpg,false,false,helene_256_a2709a45de,.jpg,image/jpeg,6.28,192,256,https://res.cloudinary.com/transdeco/image/upload/v1601587755/helene_256_a2709a45de.jpg,helene_256_a2709a45de,image,thumbnail_helene_256.jpg,thumbnail_helene_256_a2709a45de,.jpg,image/jpeg,117,156,3.15,null,https://res.cloudinary.com/transdeco/image/upload/v1601587756/thumbnail_helene_256_a2709a45de.jpg,thumbnail_helene_256_a2709a45de,image,cloudinary,[],2020-10-01T21:29:16.938Z,2021-02-17T19:25:03.802Z,0,5f5e939f267b3176509901b3,5f5e939f267b3176509901b3
5f764a2c2adb35056c787530,albatrossi_256.jpg,false,false,albatrossi_256_9d89956afc,.jpg,image/jpeg,6.41,185,256,https://res.cloudinary.com/transdeco/image/upload/v1601587755/albatrossi_256_9d89956afc.jpg,albatrossi_256_9d89956afc,image,thumbnail_albatrossi_256.jpg,thumbnail_albatrossi_256_9d89956afc,.jpg,image/jpeg,113,156,3.01,null,https://res.cloudinary.com/transdeco/image/upload/v1601587756/thumbnail_albatrossi_256_9d89956afc.jpg,thumbnail_albatrossi_256_9d89956afc,image,cloudinary,[],2020-10-01T21:29:16.947Z,2021-02-17T19:25:03.802Z,0,5f5e939f267b3176509901b3,5f5e939f267b3176509901b3
5f764a2c2adb35056c787537,notredame2_256.jpg,false,false,notredame2_256_0da88562ba,.jpg,image/jpeg,16.44,197,256,https://res.cloudinary.com/transdeco/image/upload/v1601587755/notredame2_256_0da88562ba.jpg,notredame2_256_0da88562ba,image,thumbnail_notredame2_256.jpg,thumbnail_notredame2_256_0da88562ba,.jpg,image/jpeg,120,156,6.9,null,https://res.cloudinary.com/transdeco/image/upload/v1601587756/thumbnail_notredame2_256_0da88562ba.jpg,thumbnail_notredame2_256_0da88562ba,image,cloudinary,[],2020-10-01T21:29:16.961Z,2021-02-17T19:25:03.802Z,0,5f5e939f267b3176509901b3,5f5e939f267b3176509901b3
5f764a2c2adb35056c787538,kesan_256.jpg,false,false,kesan_256_934dba3c02,.jpg,image/jpeg,9.8,256,187,https://res.cloudinary.com/transdeco/image/upload/v1601587755/kesan_256_934dba3c02.jpg,kesan_256_934dba3c02,image,thumbnail_kesan_256.jpg,thumbnail_kesan_256_934dba3c02,.jpg,image/jpeg,214,156,7.07,null,https://res.cloudinary.com/transdeco/image/upload/v1601587756/thumbnail_kesan_256_934dba3c02.jpg,thumbnail_kesan_256_934dba3c02,image,cloudinary,[],2020-10-01T21:29:16.963Z,2021-02-17T19:25:03.802Z,0,5f5e939f267b3176509901b3,5f5e939f267b3176509901b3
5f764a2c2adb35056c787534,suojassa_256.jpg,false,false,suojassa_256_e0261b01f5,.jpg,image/jpeg,14.15,256,253,https://res.cloudinary.com/transdeco/image/upload/v1601587755/suojassa_256_e0261b01f5.jpg,suojassa_256_e0261b01f5,image,thumbnail_suojassa_256.jpg,thumbnail_suojassa_256_e0261b01f5,.jpg,image/jpeg,158,156,5.61,null,https://res.cloudinary.com/transdeco/image/upload/v1601587756/thumbnail_suojassa_256_e0261b01f5.jpg,thumbnail_suojassa_256_e0261b01f5,image,cloudinary,[],2020-10-01T21:29:16.952Z,2021-02-17T19:25:03.802Z,0,5f5e939f267b3176509901b3,5f5e939f267b3176509901b3
5f764a2c2adb35056c787535,kevat_256.jpg,false,false,kevat_256_7097bde940,.jpg,image/jpeg,11.67,256,217,https://res.cloudinary.com/transdeco/image/upload/v1601587755/kevat_256_7097bde940.jpg,kevat_256_7097bde940,image,thumbnail_kevat_256.jpg,thumbnail_kevat_256_7097bde940,.jpg,image/jpeg,184,156,6.57,null,https://res.cloudinary.com/transdeco/image/upload/v1601587756/thumbnail_kevat_256_7097bde940.jpg,thumbnail_kevat_256_7097bde940,image,cloudinary,[],2020-10-01T21:29:16.954Z,2021-02-17T19:25:03.802Z,0,5f5e939f267b3176509901b3,5f5e939f267b3176509901b3
5f764a2c2adb35056c78753c,onnellinen_256.jpg,false,false,onnellinen_256_4365ab0072,.jpg,image/jpeg,5.55,188,256,https://res.cloudinary.com/transdeco/image/upload/v1601587755/onnellinen_256_4365ab0072.jpg,onnellinen_256_4365ab0072,image,thumbnail_onnellinen_256.jpg,thumbnail_onnellinen_256_4365ab0072,.jpg,image/jpeg,115,156,2.71,null,https://res.cloudinary.com/transdeco/image/upload/v1601587756/thumbnail_onnellinen_256_4365ab0072.jpg,thumbnail_onnellinen_256_4365ab0072,image,cloudinary,[],2020-10-01T21:29:16.969Z,2021-02-17T19:25:03.802Z,0,5f5e939f267b3176509901b3,5f5e939f267b3176509901b3
5f764a2c2adb35056c78753d,originalswing_256.jpg,false,false,originalswing_256_b78f945faa,.jpg,image/jpeg,7.84,188,257,https://res.cloudinary.com/transdeco/image/upload/v1601587755/originalswing_256_b78f945faa.jpg,originalswing_256_b78f945faa,image,thumbnail_originalswing_256.jpg,thumbnail_originalswing_256_b78f945faa,.jpg,image/jpeg,114,156,3.13,null,https://res.cloudinary.com/transdeco/image/upload/v1601587756/thumbnail_originalswing_256_b78f945faa.jpg,thumbnail_originalswing_256_b78f945faa,image,cloudinary,[],2020-10-01T21:29:16.971Z,2021-02-17T19:25:03.802Z,0,5f5e939f267b3176509901b3,5f5e939f267b3176509901b3
5f764a2c2adb35056c78753a,ympari_256.jpg,false,false,ympari_256_cb6b8169a6,.jpg,image/jpeg,9.13,256,186,https://res.cloudinary.com/transdeco/image/upload/v1601587755/ympari_256_cb6b8169a6.jpg,ympari_256_cb6b8169a6,image,thumbnail_ympari_256.jpg,thumbnail_ympari_256_cb6b8169a6,.jpg,image/jpeg,215,156,6.77,null,https://res.cloudinary.com/transdeco/image/upload/v1601587756/thumbnail_ympari_256_cb6b8169a6.jpg,thumbnail_ympari_256_cb6b8169a6,image,cloudinary,[],2020-10-01T21:29:16.966Z,2021-02-17T19:25:03.802Z,0,5f5e939f267b3176509901b3,5f5e939f267b3176509901b3
5f764a2c2adb35056c78753f,taivaanvuohi_256.jpg,false,false,taivaanvuohi_256_9275c0fdec,.jpg,image/jpeg,18.14,256,190,https://res.cloudinary.com/transdeco/image/upload/v1601587755/taivaanvuohi_256_9275c0fdec.jpg,taivaanvuohi_256_9275c0fdec,image,thumbnail_taivaanvuohi_256.jpg,thumbnail_taivaanvuohi_256_9275c0fdec,.jpg,image/jpeg,210,156,12.06,null,https://res.cloudinary.com/transdeco/image/upload/v1601587756/thumbnail_taivaanvuohi_256_9275c0fdec.jpg,thumbnail_taivaanvuohi_256_9275c0fdec,image,cloudinary,[],2020-10-01T21:29:16.973Z,2020-10-14T11:57:05.044Z,0,5f5e939f267b3176509901b3,5f5e939f267b3176509901b3
5f764a2c2adb35056c787539,gabriel_256.jpg,false,false,gabriel_256_48dd653641,.jpg,image/jpeg,8.24,256,207,https://res.cloudinary.com/transdeco/image/upload/v1601587755/gabriel_256_48dd653641.jpg,gabriel_256_48dd653641,image,thumbnail_gabriel_256.jpg,thumbnail_gabriel_256_48dd653641,.jpg,image/jpeg,193,156,4.61,null,https://res.cloudinary.com/transdeco/image/upload/v1601587756/thumbnail_gabriel_256_48dd653641.jpg,thumbnail_gabriel_256_48dd653641,image,cloudinary,[],2020-10-01T21:29:16.965Z,2021-02-17T19:25:03.802Z,0,5f5e939f267b3176509901b3,5f5e939f267b3176509901b3
5f764a2c2adb35056c787531,satumaa_256.jpg,false,false,satumaa_256_1039b709db,.jpg,image/jpeg,10.16,196,256,https://res.cloudinary.com/transdeco/image/upload/v1601587755/satumaa_256_1039b709db.jpg,satumaa_256_1039b709db,image,thumbnail_satumaa_256.jpg,thumbnail_satumaa_256_1039b709db,.jpg,image/jpeg,119,156,4.26,null,https://res.cloudinary.com/transdeco/image/upload/v1601587756/thumbnail_satumaa_256_1039b709db.jpg,thumbnail_satumaa_256_1039b709db,image,cloudinary,[],2020-10-01T21:29:16.948Z,2021-02-17T19:25:03.802Z,0,5f5e939f267b3176509901b3,5f5e939f267b3176509901b3
5f764a2c2adb35056c787536,luminen_256.jpg,false,false,luminen_256_d7318598b1,.jpg,image/jpeg,13.26,256,208,https://res.cloudinary.com/transdeco/image/upload/v1601587754/luminen_256_d7318598b1.jpg,luminen_256_d7318598b1,image,thumbnail_luminen_256.jpg,thumbnail_luminen_256_d7318598b1,.jpg,image/jpeg,192,156,7.87,null,https://res.cloudinary.com/transdeco/image/upload/v1601587755/thumbnail_luminen_256_d7318598b1.jpg,thumbnail_luminen_256_d7318598b1,image,cloudinary,[],2020-10-01T21:29:16.956Z,2021-02-17T19:25:03.802Z,0,5f5e939f267b3176509901b3,5f5e939f267b3176509901b3
5f764a2c2adb35056c78753e,runottaret1_256.jpg,false,false,runottaret1_256_3755711f28,.jpg,image/jpeg,10.76,196,257,https://res.cloudinary.com/transdeco/image/upload/v1601587755/runottaret1_256_3755711f28.jpg,runottaret1_256_3755711f28,image,thumbnail_runottaret1_256.jpg,thumbnail_runottaret1_256_3755711f28,.jpg,image/jpeg,119,156,4.48,null,https://res.cloudinary.com/transdeco/image/upload/v1601587756/thumbnail_runottaret1_256_3755711f28.jpg,thumbnail_runottaret1_256_3755711f28,image,cloudinary,[],2020-10-01T21:29:16.972Z,2021-02-17T19:25:03.802Z,0,5f5e939f267b3176509901b3,5f5e939f267b3176509901b3
5f764a2c2adb35056c78753b,parre_256.jpg,false,false,parre_256_b8dd53db61,.jpg,image/jpeg,10.1,187,256,https://res.cloudinary.com/transdeco/image/upload/v1601587755/parre_256_b8dd53db61.jpg,parre_256_b8dd53db61,image,thumbnail_parre_256.jpg,thumbnail_parre_256_b8dd53db61,.jpg,image/jpeg,114,156,4.76,null,https://res.cloudinary.com/transdeco/image/upload/v1601587756/thumbnail_parre_256_b8dd53db61.jpg,thumbnail_parre_256_b8dd53db61,image,cloudinary,[],2020-10-01T21:29:16.968Z,2021-02-17T19:25:03.802Z,0,5f5e939f267b3176509901b3,5f5e939f267b3176509901b3
5f764a2c2adb35056c787543,notredame1_256.jpg,false,false,notredame1_256_669b5bf885,.jpg,image/jpeg,11.48,195,256,https://res.cloudinary.com/transdeco/image/upload/v1601587755/notredame1_256_669b5bf885.jpg,notredame1_256_669b5bf885,image,thumbnail_notredame1_256.jpg,thumbnail_notredame1_256_669b5bf885,.jpg,image/jpeg,119,156,5,null,https://res.cloudinary.com/transdeco/image/upload/v1601587756/thumbnail_notredame1_256_669b5bf885.jpg,thumbnail_notredame1_256_669b5bf885,image,cloudinary,[],2020-10-01T21:29:16.999Z,2021-02-17T19:25:03.802Z,0,5f5e939f267b3176509901b3,5f5e939f267b3176509901b3
5f764a2c2adb35056c787541,bussijuoksu_256.jpg,false,false,bussijuoksu_256_7ecca6e09c,.jpg,image/jpeg,8.53,256,205,https://res.cloudinary.com/transdeco/image/upload/v1601587755/bussijuoksu_256_7ecca6e09c.jpg,bussijuoksu_256_7ecca6e09c,image,thumbnail_bussijuoksu_256.jpg,thumbnail_bussijuoksu_256_7ecca6e09c,.jpg,image/jpeg,195,156,5.51,null,https://res.cloudinary.com/transdeco/image/upload/v1601587756/thumbnail_bussijuoksu_256_7ecca6e09c.jpg,thumbnail_bussijuoksu_256_7ecca6e09c,image,cloudinary,[],2020-10-01T21:29:16.988Z,2021-02-17T19:25:03.802Z,0,5f5e939f267b3176509901b3,5f5e939f267b3176509901b3
5f764a2d2adb35056c787544,iltapaivalla_256.jpg,false,false,iltapaivalla_256_ac26ae6b9c,.jpg,image/jpeg,8.63,180,256,https://res.cloudinary.com/transdeco/image/upload/v1601587755/iltapaivalla_256_ac26ae6b9c.jpg,iltapaivalla_256_ac26ae6b9c,image,thumbnail_iltapaivalla_256.jpg,thumbnail_iltapaivalla_256_ac26ae6b9c,.jpg,image/jpeg,110,156,4.11,null,https://res.cloudinary.com/transdeco/image/upload/v1601587756/thumbnail_iltapaivalla_256_ac26ae6b9c.jpg,thumbnail_iltapaivalla_256_ac26ae6b9c,image,cloudinary,[],2020-10-01T21:29:17.004Z,2020-10-17T09:37:52.517Z,0,5f5e939f267b3176509901b3,5f5e939f267b3176509901b3
5f764a2d2adb35056c787546,viisiaistia_256.jpg,false,false,viisiaistia_256_0533a87772,.jpg,image/jpeg,15.99,196,256,https://res.cloudinary.com/transdeco/image/upload/v1601587755/viisiaistia_256_0533a87772.jpg,viisiaistia_256_0533a87772,image,thumbnail_viisiaistia_256.jpg,thumbnail_viisiaistia_256_0533a87772,.jpg,image/jpeg,119,156,6.23,null,https://res.cloudinary.com/transdeco/image/upload/v1601587756/thumbnail_viisiaistia_256_0533a87772.jpg,thumbnail_viisiaistia_256_0533a87772,image,cloudinary,[],2020-10-01T21:29:17.009Z,2021-02-17T19:25:03.802Z,0,5f5e939f267b3176509901b3,5f5e939f267b3176509901b3
5f764a2c2adb35056c787540,talvipaivan_256.jpg,false,false,talvipaivan_256_b752cfa7ba,.jpg,image/jpeg,16.46,256,219,https://res.cloudinary.com/transdeco/image/upload/v1601587755/talvipaivan_256_b752cfa7ba.jpg,talvipaivan_256_b752cfa7ba,image,thumbnail_talvipaivan_256.jpg,thumbnail_talvipaivan_256_b752cfa7ba,.jpg,image/jpeg,182,156,8.67,null,https://res.cloudinary.com/transdeco/image/upload/v1601587756/thumbnail_talvipaivan_256_b752cfa7ba.jpg,thumbnail_talvipaivan_256_b752cfa7ba,image,cloudinary,[],2020-10-01T21:29:16.975Z,2021-02-17T19:25:03.802Z,0,5f5e939f267b3176509901b3,5f5e939f267b3176509901b3
5f764a2d2adb35056c787545,samaa_256.jpg,false,false,samaa_256_bbaf702291,.jpg,image/jpeg,10.75,256,202,https://res.cloudinary.com/transdeco/image/upload/v1601587755/samaa_256_bbaf702291.jpg,samaa_256_bbaf702291,image,thumbnail_samaa_256.jpg,thumbnail_samaa_256_bbaf702291,.jpg,image/jpeg,198,156,7.04,null,https://res.cloudinary.com/transdeco/image/upload/v1601587756/thumbnail_samaa_256_bbaf702291.jpg,thumbnail_samaa_256_bbaf702291,image,cloudinary,[],2020-10-01T21:29:17.007Z,2021-02-17T19:25:03.802Z,0,5f5e939f267b3176509901b3,5f5e939f267b3176509901b3
5f764a2c2adb35056c787542,kuutamolla_256.jpg,false,false,kuutamolla_256_19aff27afd,.jpg,image/jpeg,8.55,146,256,https://res.cloudinary.com/transdeco/image/upload/v1601587755/kuutamolla_256_19aff27afd.jpg,kuutamolla_256_19aff27afd,image,thumbnail_kuutamolla_256.jpg,thumbnail_kuutamolla_256_19aff27afd,.jpg,image/jpeg,89,156,3.48,null,https://res.cloudinary.com/transdeco/image/upload/v1601587756/thumbnail_kuutamolla_256_19aff27afd.jpg,thumbnail_kuutamolla_256_19aff27afd,image,cloudinary,[],2020-10-01T21:29:16.990Z,2021-02-17T19:25:03.802Z,0,5f5e939f267b3176509901b3,5f5e939f267b3176509901b3
5f764a2d2adb35056c787547,vivace_256.jpg,false,false,vivace_256_e5077f0bf5,.jpg,image/jpeg,16.35,256,189,https://res.cloudinary.com/transdeco/image/upload/v1601587755/vivace_256_e5077f0bf5.jpg,vivace_256_e5077f0bf5,image,thumbnail_vivace_256.jpg,thumbnail_vivace_256_e5077f0bf5,.jpg,image/jpeg,211,156,11.01,null,https://res.cloudinary.com/transdeco/image/upload/v1601587756/thumbnail_vivace_256_e5077f0bf5.jpg,thumbnail_vivace_256_e5077f0bf5,image,cloudinary,[],2020-10-01T21:29:17.072Z,2021-02-17T19:25:03.802Z,0,5f5e939f267b3176509901b3,5f5e939f267b3176509901b3
5f86e7052adb35056c7875ba,DSC00258_512.jpg,false,false,DSC_00258_512_e2110e32ff,.jpg,image/jpeg,55.98,512,371,https://res.cloudinary.com/transdeco/image/upload/v1602676482/DSC_00258_512_e2110e32ff.jpg,DSC_00258_512_e2110e32ff,image,thumbnail_DSC00258_512.jpg,thumbnail_DSC_00258_512_e2110e32ff,.jpg,image/jpeg,215,156,9.65,null,https://res.cloudinary.com/transdeco/image/upload/v1602676483/thumbnail_DSC_00258_512_e2110e32ff.jpg,thumbnail_DSC_00258_512_e2110e32ff,image,cloudinary,[],2020-10-14T11:54:45.119Z,2021-02-17T19:25:03.802Z,0,5f688f48e380b82d111d51f5,5f688f48e380b82d111d51f5
5f86ea262adb35056c7875bc,DSC00259_512.jpg,false,false,DSC_00259_512_c11e7c1216,.jpg,image/jpeg,48.03,512,371,https://res.cloudinary.com/transdeco/image/upload/v1602677284/DSC_00259_512_c11e7c1216.jpg,DSC_00259_512_c11e7c1216,image,thumbnail_DSC00259_512.jpg,thumbnail_DSC_00259_512_c11e7c1216,.jpg,image/jpeg,215,156,9.49,null,https://res.cloudinary.com/transdeco/image/upload/v1602677284/thumbnail_DSC_00259_512_c11e7c1216.jpg,thumbnail_DSC_00259_512_c11e7c1216,image,cloudinary,[],2020-10-14T12:08:06.033Z,2020-10-14T12:08:06.068Z,0,5f688f48e380b82d111d51f5,5f688f48e380b82d111d51f5
5f86ebb42adb35056c7875bd,DSC00260_512.jpg,false,false,DSC_00260_512_024e31db51,.jpg,image/jpeg,16.74,512,512,https://res.cloudinary.com/transdeco/image/upload/v1602677681/DSC_00260_512_024e31db51.jpg,DSC_00260_512_024e31db51,image,thumbnail_DSC00260_512.jpg,thumbnail_DSC_00260_512_024e31db51,.jpg,image/jpeg,156,156,3.57,null,https://res.cloudinary.com/transdeco/image/upload/v1602677683/thumbnail_DSC_00260_512_024e31db51.jpg,thumbnail_DSC_00260_512_024e31db51,image,cloudinary,[],2020-10-14T12:14:44.059Z,2021-02-17T19:25:03.802Z,0,5f688f48e380b82d111d51f5,5f688f48e380b82d111d51f5
5f8ab8f428ebd026f8500c59,runottaret2_256_ceb5f596a1.jpg,false,false,runottaret2_256_ceb5f596a1_e981aef6f9,.jpg,image/jpeg,9.82,196,256,https://res.cloudinary.com/transdeco/image/upload/v1602926835/runottaret2_256_ceb5f596a1_e981aef6f9.jpg,runottaret2_256_ceb5f596a1_e981aef6f9,image,thumbnail_runottaret2_256_ceb5f596a1.jpg,thumbnail_runottaret2_256_ceb5f596a1_e981aef6f9,.jpg,image/jpeg,119,156,4.21,null,https://res.cloudinary.com/transdeco/image/upload/v1602926836/thumbnail_runottaret2_256_ceb5f596a1_e981aef6f9.jpg,thumbnail_runottaret2_256_ceb5f596a1_e981aef6f9,image,cloudinary,[],2020-10-17T09:27:16.770Z,2020-10-17T09:27:16.811Z,0,5f688f48e380b82d111d51f5,5f688f48e380b82d111d51f5
5f8abaea28ebd026f8500c5a,iltapaivalla_256_ac26ae6b9c.jpg,false,false,iltapaivalla_256_ac26ae6b9c_55d4b580e0,.jpg,image/jpeg,8.59,180,256,https://res.cloudinary.com/transdeco/image/upload/v1602927337/iltapaivalla_256_ac26ae6b9c_55d4b580e0.jpg,iltapaivalla_256_ac26ae6b9c_55d4b580e0,image,thumbnail_iltapaivalla_256_ac26ae6b9c.jpg,thumbnail_iltapaivalla_256_ac26ae6b9c_55d4b580e0,.jpg,image/jpeg,110,156,4.08,null,https://res.cloudinary.com/transdeco/image/upload/v1602927338/thumbnail_iltapaivalla_256_ac26ae6b9c_55d4b580e0.jpg,thumbnail_iltapaivalla_256_ac26ae6b9c_55d4b580e0,image,cloudinary,[],2020-10-17T09:35:38.682Z,2020-10-17T09:35:38.737Z,0,5f688f48e380b82d111d51f5,5f688f48e380b82d111d51f5
5f8abc0028ebd026f8500c5b,vivace_256_e5077f0bf5.jpg,false,false,vivace_256_e5077f0bf5_f674760453,.jpg,image/jpeg,16.31,256,189,https://res.cloudinary.com/transdeco/image/upload/v1602927615/vivace_256_e5077f0bf5_f674760453.jpg,vivace_256_e5077f0bf5_f674760453,image,thumbnail_vivace_256_e5077f0bf5.jpg,thumbnail_vivace_256_e5077f0bf5_f674760453,.jpg,image/jpeg,211,156,11,null,https://res.cloudinary.com/transdeco/image/upload/v1602927616/thumbnail_vivace_256_e5077f0bf5_f674760453.jpg,thumbnail_vivace_256_e5077f0bf5_f674760453,image,cloudinary,[],2020-10-17T09:40:16.554Z,2020-10-17T09:43:03.302Z,0,5f688f48e380b82d111d51f5,5f688f48e380b82d111d51f5
5fa34d94b9ff50072f203d13,DSC00258_07_1024.jpg,false,false,DSC_00258_07_1024_b7a1081c94,.jpg,image/jpeg,788.17,1024,739,https://res.cloudinary.com/transdeco/image/upload/v1604537746/DSC_00258_07_1024_b7a1081c94.jpg,DSC_00258_07_1024_b7a1081c94,image,thumbnail_DSC00258_07_1024.jpg,thumbnail_DSC_00258_07_1024_b7a1081c94,.jpg,image/jpeg,216,156,8.42,null,https://res.cloudinary.com/transdeco/image/upload/v1604537748/thumbnail_DSC_00258_07_1024_b7a1081c94.jpg,thumbnail_DSC_00258_07_1024_b7a1081c94,image,cloudinary,[],2020-11-05T00:55:48.536Z,2021-02-17T19:25:03.802Z,0,5f688f48e380b82d111d51f5,5f688f48e380b82d111d51f5